yml,params,output,notes,date
https://storage.googleapis.com/reusedata/bowtie2_index/bowtie2_index_GRCh38.primary_assembly.genome.fa.yml,genome:;   class: File;   path: reference_genome/GRCh38.primary_assembly.genome.fa; ; ,https://storage.googleapis.com/reusedata/bowtie2_index/GRCh38.primary_assembly.genome.fa.1.bt2,bowtie2_index GRCh38.primary_assembly,2022-12-13
https://storage.googleapis.com/reusedata/bowtie2_index/bowtie2_index_GRCh38.primary_assembly.genome.fa.yml,genome:;   class: File;   path: reference_genome/GRCh38.primary_assembly.genome.fa; ; ,https://storage.googleapis.com/reusedata/bowtie2_index/GRCh38.primary_assembly.genome.fa.2.bt2,bowtie2_index GRCh38.primary_assembly,2022-12-13
https://storage.googleapis.com/reusedata/bowtie2_index/bowtie2_index_GRCh38.primary_assembly.genome.fa.yml,genome:;   class: File;   path: reference_genome/GRCh38.primary_assembly.genome.fa; ; ,https://storage.googleapis.com/reusedata/bowtie2_index/GRCh38.primary_assembly.genome.fa.3.bt2,bowtie2_index GRCh38.primary_assembly,2022-12-13
https://storage.googleapis.com/reusedata/bowtie2_index/bowtie2_index_GRCh38.primary_assembly.genome.fa.yml,genome:;   class: File;   path: reference_genome/GRCh38.primary_assembly.genome.fa; ; ,https://storage.googleapis.com/reusedata/bowtie2_index/GRCh38.primary_assembly.genome.fa.4.bt2,bowtie2_index GRCh38.primary_assembly,2022-12-13
https://storage.googleapis.com/reusedata/bowtie2_index/bowtie2_index_GRCh38.primary_assembly.genome.fa.yml,genome:;   class: File;   path: reference_genome/GRCh38.primary_assembly.genome.fa; ; ,https://storage.googleapis.com/reusedata/bowtie2_index/GRCh38.primary_assembly.genome.fa.rev.1.bt2,bowtie2_index GRCh38.primary_assembly,2022-12-13
https://storage.googleapis.com/reusedata/bowtie2_index/bowtie2_index_GRCh38.primary_assembly.genome.fa.yml,genome:;   class: File;   path: reference_genome/GRCh38.primary_assembly.genome.fa; ; ,https://storage.googleapis.com/reusedata/bowtie2_index/GRCh38.primary_assembly.genome.fa.rev.2.bt2,bowtie2_index GRCh38.primary_assembly,2022-12-13
https://storage.googleapis.com/reusedata/echo/echo_out_Hello_World!_outfile.yml,input: Hello World!; outfile: outfile,https://storage.googleapis.com/reusedata/echo/outfile.txt,echo hello world txt,2023-01-09 14:48:52
https://storage.googleapis.com/reusedata/ensembl_liftover/genome_liftover_human_GRCh37_GRCh38.yml,species: human; from: GRCh37; to: GRCh38,https://storage.googleapis.com/reusedata/ensembl_liftover/GRCh37_to_GRCh38.chain,ensembl liftover human GRCh37 GRCh38,2022-12-09
https://storage.googleapis.com/reusedata/ensembl_liftover/genome_liftover_human_GRCh37_NCBI34.yml,species: human; from: GRCh37; to: NCBI34,https://storage.googleapis.com/reusedata/ensembl_liftover/GRCh37_to_NCBI34.chain,ensembl liftover human GRCh37 NCBI34,2022-12-09
https://storage.googleapis.com/reusedata/ensembl_liftover/genome_liftover_human_GRCh37_NCBI35.yml,species: human; from: GRCh37; to: NCBI35,https://storage.googleapis.com/reusedata/ensembl_liftover/GRCh37_to_NCBI35.chain,ensembl liftover human GRCh37 NCBI35,2022-12-09
https://storage.googleapis.com/reusedata/ensembl_liftover/genome_liftover_human_GRCh37_NCBI36.yml,species: human; from: GRCh37; to: NCBI36,https://storage.googleapis.com/reusedata/ensembl_liftover/GRCh37_to_NCBI36.chain,ensembl liftover human GRCh37 NCBI36,2022-12-09
https://storage.googleapis.com/reusedata/ensembl_liftover/genome_liftover_human_GRCh38_GRCh37.yml,species: human; from: GRCh38; to: GRCh37,https://storage.googleapis.com/reusedata/ensembl_liftover/GRCh38_to_GRCh37.chain,ensembl liftover human GRCh38 GRCh37,2022-12-09
https://storage.googleapis.com/reusedata/ensembl_liftover/genome_liftover_human_GRCh38_NCBI34.yml,species: human; from: GRCh38; to: NCBI34,https://storage.googleapis.com/reusedata/ensembl_liftover/GRCh38_to_NCBI34.chain,ensembl liftover human GRCh38 NCBI34,2022-12-09
https://storage.googleapis.com/reusedata/ensembl_liftover/genome_liftover_human_GRCh38_NCBI35.yml,species: human; from: GRCh38; to: NCBI35,https://storage.googleapis.com/reusedata/ensembl_liftover/GRCh38_to_NCBI35.chain,ensembl liftover human GRCh38 NCBI35,2022-12-09
https://storage.googleapis.com/reusedata/ensembl_liftover/genome_liftover_human_GRCh38_NCBI36.yml,species: human; from: GRCh38; to: NCBI36,https://storage.googleapis.com/reusedata/ensembl_liftover/GRCh38_to_NCBI36.chain,ensembl liftover human GRCh38 NCBI36,2022-12-09
https://storage.googleapis.com/reusedata/ensembl_liftover/genome_liftover_human_NCBI34_GRCh37.yml,species: human; from: NCBI34; to: GRCh37,https://storage.googleapis.com/reusedata/ensembl_liftover/NCBI34_to_GRCh37.chain,ensembl liftover human NCBI34 GRCh37,2022-12-09
https://storage.googleapis.com/reusedata/ensembl_liftover/genome_liftover_human_NCBI34_GRCh38.yml,species: human; from: NCBI34; to: GRCh38,https://storage.googleapis.com/reusedata/ensembl_liftover/NCBI34_to_GRCh38.chain,ensembl liftover human NCBI34 GRCh38,2022-12-09
https://storage.googleapis.com/reusedata/ensembl_liftover/genome_liftover_human_NCBI35_GRCh37.yml,species: human; from: NCBI35; to: GRCh37,https://storage.googleapis.com/reusedata/ensembl_liftover/NCBI35_to_GRCh37.chain,ensembl liftover human NCBI35 GRCh37,2022-12-09
https://storage.googleapis.com/reusedata/ensembl_liftover/genome_liftover_human_NCBI35_GRCh38.yml,species: human; from: NCBI35; to: GRCh38,https://storage.googleapis.com/reusedata/ensembl_liftover/NCBI35_to_GRCh38.chain,ensembl liftover human NCBI35 GRCh38,2022-12-09
https://storage.googleapis.com/reusedata/ensembl_liftover/genome_liftover_human_NCBI36_GRCh37.yml,species: human; from: NCBI36; to: GRCh37,https://storage.googleapis.com/reusedata/ensembl_liftover/NCBI36_to_GRCh37.chain,ensembl liftover human NCBI36 GRCh37,2022-12-09
https://storage.googleapis.com/reusedata/ensembl_liftover/genome_liftover_human_NCBI36_GRCh38.yml,species: human; from: NCBI36; to: GRCh38,https://storage.googleapis.com/reusedata/ensembl_liftover/NCBI36_to_GRCh38.chain,ensembl liftover human NCBI36 GRCh38,2022-12-09
https://storage.googleapis.com/reusedata/ensembl_liftover/genome_liftover_mouse_GRCm38_NCBIM36.yml,species: mouse; from: GRCm38; to: NCBIM36,https://storage.googleapis.com/reusedata/ensembl_liftover/GRCm38_to_NCBIM36.chain,ensembl liftover mouse GRCm38 NCBIM36,2022-12-09
https://storage.googleapis.com/reusedata/ensembl_liftover/genome_liftover_mouse_GRCm38_NCBIM37.yml,species: mouse; from: GRCm38; to: NCBIM37,https://storage.googleapis.com/reusedata/ensembl_liftover/GRCm38_to_NCBIM37.chain,ensembl liftover mouse GRCm38 NCBIM37,2022-12-09
https://storage.googleapis.com/reusedata/ensembl_liftover/genome_liftover_mouse_NCBIM36_GRCm38.yml,species: mouse; from: NCBIM36; to: GRCm38,https://storage.googleapis.com/reusedata/ensembl_liftover/NCBIM36_to_GRCm38.chain,ensembl liftover mouse NCBIM36 GRCm38,2022-12-09
https://storage.googleapis.com/reusedata/ensembl_liftover/genome_liftover_mouse_NCBIM37_GRCm38.yml,species: mouse; from: NCBIM37; to: GRCm38,https://storage.googleapis.com/reusedata/ensembl_liftover/NCBIM37_to_GRCm38.chain,ensembl liftover mouse NCBIM37 GRCm38,2022-12-09
https://storage.googleapis.com/reusedata/gcp_broad_gatk_hg19/GCP_broad_gatk_hg19_1000G_omni2.5.b37.vcf.gz_tbi.yml,filename: 1000G_omni2.5.b37.vcf.gz; idx: tbi,https://storage.googleapis.com/reusedata/gcp_broad_gatk_hg19/1000G_omni2.5.b37.vcf.gz,gcp broad gatk hg38 1000G_omni2.5.b37.vcf.gz tbi,2022-12-09
https://storage.googleapis.com/reusedata/gcp_broad_gatk_hg19/GCP_broad_gatk_hg19_1000G_omni2.5.b37.vcf.gz_tbi.yml,filename: 1000G_omni2.5.b37.vcf.gz; idx: tbi,https://storage.googleapis.com/reusedata/gcp_broad_gatk_hg19/1000G_omni2.5.b37.vcf.gz.tbi,gcp broad gatk hg38 1000G_omni2.5.b37.vcf.gz tbi,2022-12-09
https://storage.googleapis.com/reusedata/gcp_broad_gatk_hg19/GCP_broad_gatk_hg19_Mills_and_1000G_gold_standard.indels.b37.vcf.gz_tbi.yml,filename: Mills_and_1000G_gold_standard.indels.b37.vcf.gz; idx: tbi,https://storage.googleapis.com/reusedata/gcp_broad_gatk_hg19/Mills_and_1000G_gold_standard.indels.b37.vcf.gz,gcp broad gatk hg38 Mills_and_1000G_gold_standard.indels.b37.vcf.gz tbi,2022-12-09
https://storage.googleapis.com/reusedata/gcp_broad_gatk_hg19/GCP_broad_gatk_hg19_Mills_and_1000G_gold_standard.indels.b37.vcf.gz_tbi.yml,filename: Mills_and_1000G_gold_standard.indels.b37.vcf.gz; idx: tbi,https://storage.googleapis.com/reusedata/gcp_broad_gatk_hg19/Mills_and_1000G_gold_standard.indels.b37.vcf.gz.tbi,gcp broad gatk hg38 Mills_and_1000G_gold_standard.indels.b37.vcf.gz tbi,2022-12-09
https://storage.googleapis.com/reusedata/gcp_broad_gatk_hg38/GCP_broad_gatk_hg38_1000G_omni2.5.hg38.vcf.gz_tbi.yml,filename: 1000G_omni2.5.hg38.vcf.gz; idx: tbi,https://storage.googleapis.com/reusedata/gcp_broad_gatk_hg38/1000G_omni2.5.hg38.vcf.gz,gcp broad gatk hg38 1000G_omni2.5.hg38.vcf.gz tbi,2022-12-09
https://storage.googleapis.com/reusedata/gcp_broad_gatk_hg38/GCP_broad_gatk_hg38_1000G_omni2.5.hg38.vcf.gz_tbi.yml,filename: 1000G_omni2.5.hg38.vcf.gz; idx: tbi,https://storage.googleapis.com/reusedata/gcp_broad_gatk_hg38/1000G_omni2.5.hg38.vcf.gz.tbi,gcp broad gatk hg38 1000G_omni2.5.hg38.vcf.gz tbi,2022-12-09
https://storage.googleapis.com/reusedata/gcp_broad_gatk_hg38/GCP_broad_gatk_hg38_Mills_and_1000G_gold_standard.indels.hg38.vcf.gz_tbi.yml,filename: Mills_and_1000G_gold_standard.indels.hg38.vcf.gz; idx: tbi,https://storage.googleapis.com/reusedata/gcp_broad_gatk_hg38/Mills_and_1000G_gold_standard.indels.hg38.vcf.gz,gcp broad gatk hg38 Mills_and_1000G_gold_standard.indels.hg38.vcf.gz tbi,2022-12-09
https://storage.googleapis.com/reusedata/gcp_broad_gatk_hg38/GCP_broad_gatk_hg38_Mills_and_1000G_gold_standard.indels.hg38.vcf.gz_tbi.yml,filename: Mills_and_1000G_gold_standard.indels.hg38.vcf.gz; idx: tbi,https://storage.googleapis.com/reusedata/gcp_broad_gatk_hg38/Mills_and_1000G_gold_standard.indels.hg38.vcf.gz.tbi,gcp broad gatk hg38 Mills_and_1000G_gold_standard.indels.hg38.vcf.gz tbi,2022-12-09
https://storage.googleapis.com/reusedata/gcp_gatk_mutect2_b37/gcp_gatk_mutect2_b37_af-only-gnomad.raw.sites.vcf_idx.yml,filename: af-only-gnomad.raw.sites.vcf; idx: idx,https://storage.googleapis.com/reusedata/gcp_gatk_mutect2_b37/af-only-gnomad.raw.sites.vcf,gcp broad gatk mutect2 b37 af-only-gnomad.raw.sites.vcf,2022-12-12
https://storage.googleapis.com/reusedata/gcp_gatk_mutect2_b37/gcp_gatk_mutect2_b37_af-only-gnomad.raw.sites.vcf_idx.yml,filename: af-only-gnomad.raw.sites.vcf; idx: idx,https://storage.googleapis.com/reusedata/gcp_gatk_mutect2_b37/af-only-gnomad.raw.sites.vcf.idx,gcp broad gatk mutect2 b37 af-only-gnomad.raw.sites.vcf,2022-12-12
https://storage.googleapis.com/reusedata/gcp_gatk_mutect2_b37/gcp_gatk_mutect2_b37_Mutect2-exome-panel.vcf_idx.yml,filename: Mutect2-exome-panel.vcf; idx: idx,https://storage.googleapis.com/reusedata/gcp_gatk_mutect2_b37/Mutect2-exome-panel.vcf.idx,gcp broad gatk mutect2 b37 Mutect2-exome-panel.vcf,2022-12-12
https://storage.googleapis.com/reusedata/gcp_gatk_mutect2_b37/gcp_gatk_mutect2_b37_Mutect2-WGS-panel-b37.vcf_idx.yml,filename: Mutect2-WGS-panel-b37.vcf; idx: idx,https://storage.googleapis.com/reusedata/gcp_gatk_mutect2_b37/Mutect2-WGS-panel-b37.vcf,gcp broad gatk mutect2 b37 Mutect2-WGS-panel-b37.vcf,2022-12-12
https://storage.googleapis.com/reusedata/gcp_gatk_mutect2_b37/gcp_gatk_mutect2_b37_Mutect2-WGS-panel-b37.vcf_idx.yml,filename: Mutect2-WGS-panel-b37.vcf; idx: idx,https://storage.googleapis.com/reusedata/gcp_gatk_mutect2_b37/Mutect2-WGS-panel-b37.vcf.idx,gcp broad gatk mutect2 b37 Mutect2-WGS-panel-b37.vcf,2022-12-12
https://storage.googleapis.com/reusedata/gcp_gatk_mutect2_b37/gcp_gatk_mutect2_b37_small_exac_common_3.vcf_idx.yml,filename: small_exac_common_3.vcf; idx: idx,https://storage.googleapis.com/reusedata/gcp_gatk_mutect2_b37/small_exac_common_3.vcf,gcp broad gatk mutect2 b37 small_exac_common_3.vcf,2022-12-12
https://storage.googleapis.com/reusedata/gcp_gatk_mutect2_b37/gcp_gatk_mutect2_b37_small_exac_common_3.vcf_idx.yml,filename: small_exac_common_3.vcf; idx: idx,https://storage.googleapis.com/reusedata/gcp_gatk_mutect2_b37/small_exac_common_3.vcf.idx,gcp broad gatk mutect2 b37 small_exac_common_3.vcf,2022-12-12
https://storage.googleapis.com/reusedata/gcp_gatk_mutect2_hg38/gcp_gatk_mutect2_hg38_1000g_pon.hg38.vcf.gz_tbi.yml,filename: 1000g_pon.hg38.vcf.gz; idx: tbi,https://storage.googleapis.com/reusedata/gcp_gatk_mutect2_hg38/1000g_pon.hg38.vcf.gz,gcp broad gatk mutect2 hg38 1000g_pon.hg38.vcf.gz,2022-12-12
https://storage.googleapis.com/reusedata/gcp_gatk_mutect2_hg38/gcp_gatk_mutect2_hg38_1000g_pon.hg38.vcf.gz_tbi.yml,filename: 1000g_pon.hg38.vcf.gz; idx: tbi,https://storage.googleapis.com/reusedata/gcp_gatk_mutect2_hg38/1000g_pon.hg38.vcf.gz.tbi,gcp broad gatk mutect2 hg38 1000g_pon.hg38.vcf.gz,2022-12-12
https://storage.googleapis.com/reusedata/gcp_gatk_mutect2_hg38/gcp_gatk_mutect2_hg38_af-only-gnomad.hg38.vcf.gz_tbi.yml,filename: af-only-gnomad.hg38.vcf.gz; idx: tbi,https://storage.googleapis.com/reusedata/gcp_gatk_mutect2_hg38/af-only-gnomad.hg38.vcf.gz,gcp broad gatk mutect2 hg38 af-only-gnomad.hg38.vcf.gz,2022-12-12
https://storage.googleapis.com/reusedata/gcp_gatk_mutect2_hg38/gcp_gatk_mutect2_hg38_af-only-gnomad.hg38.vcf.gz_tbi.yml,filename: af-only-gnomad.hg38.vcf.gz; idx: tbi,https://storage.googleapis.com/reusedata/gcp_gatk_mutect2_hg38/af-only-gnomad.hg38.vcf.gz.tbi,gcp broad gatk mutect2 hg38 af-only-gnomad.hg38.vcf.gz,2022-12-12
https://storage.googleapis.com/reusedata/gcp_gatk_mutect2_hg38/gcp_gatk_mutect2_hg38_small_exac_common_3.hg38.vcf.gz_tbi.yml,filename: small_exac_common_3.hg38.vcf.gz; idx: tbi,https://storage.googleapis.com/reusedata/gcp_gatk_mutect2_hg38/small_exac_common_3.hg38.vcf.gz,gcp broad gatk mutect2 hg38 small_exac_common_3.hg38.vcf.gz,2022-12-12
https://storage.googleapis.com/reusedata/gcp_gatk_mutect2_hg38/gcp_gatk_mutect2_hg38_small_exac_common_3.hg38.vcf.gz_tbi.yml,filename: small_exac_common_3.hg38.vcf.gz; idx: tbi,https://storage.googleapis.com/reusedata/gcp_gatk_mutect2_hg38/small_exac_common_3.hg38.vcf.gz.tbi,gcp broad gatk mutect2 hg38 small_exac_common_3.hg38.vcf.gz,2022-12-12
https://storage.googleapis.com/reusedata/gencode_annotation/gencode_annotation_human_41.yml,species: human; version: '41',https://storage.googleapis.com/reusedata/gencode_annotation/gencode.v41.annotation.gtf,gencode annotation human 41,2022-12-09
https://storage.googleapis.com/reusedata/gencode_annotation/gencode_annotation_human_42.yml,species: human; version: '42',https://storage.googleapis.com/reusedata/gencode_annotation/gencode.v42.annotation.gtf,gencode annotation human 42,2022-12-09
https://storage.googleapis.com/reusedata/gencode_annotation/gencode_annotation_mouse_M30.yml,species: mouse; version: M30,https://storage.googleapis.com/reusedata/gencode_annotation/gencode.vM30.annotation.gtf,gencode annotation mouse M30,2022-12-09
https://storage.googleapis.com/reusedata/gencode_annotation/gencode_annotation_mouse_M31.yml,species: mouse; version: M31,https://storage.googleapis.com/reusedata/gencode_annotation/gencode.vM31.annotation.gtf,gencode annotation mouse M31,2022-12-09
https://storage.googleapis.com/reusedata/gencode_transcriptome/gencode_transcripts_human_41.yml,species: human; version: '41',https://storage.googleapis.com/reusedata/gencode_transcriptome/gencode.v41.transcripts.fa,gencode transcripts human 41,2022-12-09
https://storage.googleapis.com/reusedata/gencode_transcriptome/gencode_transcripts_human_41.yml,species: human; version: '41',https://storage.googleapis.com/reusedata/gencode_transcriptome/gencode.v41.transcripts.fa.fai,gencode transcripts human 41,2022-12-09
https://storage.googleapis.com/reusedata/gencode_transcriptome/gencode_transcripts_human_42.yml,species: human; version: '42',https://storage.googleapis.com/reusedata/gencode_transcriptome/gencode.v42.transcripts.fa,gencode transcripts human 42,2022-12-09
https://storage.googleapis.com/reusedata/gencode_transcriptome/gencode_transcripts_human_42.yml,species: human; version: '42',https://storage.googleapis.com/reusedata/gencode_transcriptome/gencode.v42.transcripts.fa.fai,gencode transcripts human 42,2022-12-09
https://storage.googleapis.com/reusedata/gencode_transcriptome/gencode_transcripts_mouse_M30.yml,species: mouse; version: M30,https://storage.googleapis.com/reusedata/gencode_transcriptome/gencode.vM30.pc_transcripts.fa,gencode transcripts mouse M30,2022-12-09
https://storage.googleapis.com/reusedata/gencode_transcriptome/gencode_transcripts_mouse_M30.yml,species: mouse; version: M30,https://storage.googleapis.com/reusedata/gencode_transcriptome/gencode.vM30.pc_transcripts.fa.fai,gencode transcripts mouse M30,2022-12-09
https://storage.googleapis.com/reusedata/gencode_transcriptome/gencode_transcripts_mouse_M31.yml,species: mouse; version: M31,https://storage.googleapis.com/reusedata/gencode_transcriptome/gencode.vM31.pc_transcripts.fa,gencode transcripts mouse M31,2022-12-09
https://storage.googleapis.com/reusedata/gencode_transcriptome/gencode_transcripts_mouse_M31.yml,species: mouse; version: M31,https://storage.googleapis.com/reusedata/gencode_transcriptome/gencode.vM31.pc_transcripts.fa.fai,gencode transcripts mouse M31,2022-12-09
https://storage.googleapis.com/reusedata/hisat2_index/hisat2_index_GRCh38.primary_assembly.genome.fa.yml,genome:;   class: File;   path: reference_genome/GRCh38.primary_assembly.genome.fa,https://storage.googleapis.com/reusedata/hisat2_index/GRCh38.primary_assembly.genome.fa.1.ht2,hisat2_index GRCh38.primary_assembly,2022-12-13
https://storage.googleapis.com/reusedata/hisat2_index/hisat2_index_GRCh38.primary_assembly.genome.fa.yml,genome:;   class: File;   path: reference_genome/GRCh38.primary_assembly.genome.fa,https://storage.googleapis.com/reusedata/hisat2_index/GRCh38.primary_assembly.genome.fa.2.ht2,hisat2_index GRCh38.primary_assembly,2022-12-13
https://storage.googleapis.com/reusedata/hisat2_index/hisat2_index_GRCh38.primary_assembly.genome.fa.yml,genome:;   class: File;   path: reference_genome/GRCh38.primary_assembly.genome.fa,https://storage.googleapis.com/reusedata/hisat2_index/GRCh38.primary_assembly.genome.fa.3.ht2,hisat2_index GRCh38.primary_assembly,2022-12-13
https://storage.googleapis.com/reusedata/hisat2_index/hisat2_index_GRCh38.primary_assembly.genome.fa.yml,genome:;   class: File;   path: reference_genome/GRCh38.primary_assembly.genome.fa,https://storage.googleapis.com/reusedata/hisat2_index/GRCh38.primary_assembly.genome.fa.4.ht2,hisat2_index GRCh38.primary_assembly,2022-12-13
https://storage.googleapis.com/reusedata/hisat2_index/hisat2_index_GRCh38.primary_assembly.genome.fa.yml,genome:;   class: File;   path: reference_genome/GRCh38.primary_assembly.genome.fa,https://storage.googleapis.com/reusedata/hisat2_index/GRCh38.primary_assembly.genome.fa.5.ht2,hisat2_index GRCh38.primary_assembly,2022-12-13
https://storage.googleapis.com/reusedata/hisat2_index/hisat2_index_GRCh38.primary_assembly.genome.fa.yml,genome:;   class: File;   path: reference_genome/GRCh38.primary_assembly.genome.fa,https://storage.googleapis.com/reusedata/hisat2_index/GRCh38.primary_assembly.genome.fa.6.ht2,hisat2_index GRCh38.primary_assembly,2022-12-13
https://storage.googleapis.com/reusedata/hisat2_index/hisat2_index_GRCh38.primary_assembly.genome.fa.yml,genome:;   class: File;   path: reference_genome/GRCh38.primary_assembly.genome.fa,https://storage.googleapis.com/reusedata/hisat2_index/GRCh38.primary_assembly.genome.fa.7.ht2,hisat2_index GRCh38.primary_assembly,2022-12-13
https://storage.googleapis.com/reusedata/hisat2_index/hisat2_index_GRCh38.primary_assembly.genome.fa.yml,genome:;   class: File;   path: reference_genome/GRCh38.primary_assembly.genome.fa,https://storage.googleapis.com/reusedata/hisat2_index/GRCh38.primary_assembly.genome.fa.8.ht2,hisat2_index GRCh38.primary_assembly,2022-12-13
https://storage.googleapis.com/reusedata/reference_genome/reference_genome_GRCh38_full_analysis_set_plus_decoy_hla.fa.yml,fasta: http://ftp.1000genomes.ebi.ac.uk/vol1/ftp/technical/reference/GRCh38_reference_genome/GRCh38_full_analysis_set_plus_decoy_hla.fa,https://storage.googleapis.com/reusedata/reference_genome/GRCh38_full_analysis_set_plus_decoy_hla.fa.fai,homo sapiens 1000 genomes GRCh38,2022-12-12
https://storage.googleapis.com/reusedata/reference_genome/reference_genome_GRCh38_full_analysis_set_plus_decoy_hla.fa.yml,fasta: http://ftp.1000genomes.ebi.ac.uk/vol1/ftp/technical/reference/GRCh38_reference_genome/GRCh38_full_analysis_set_plus_decoy_hla.fa,https://storage.googleapis.com/reusedata/reference_genome/GRCh38_full_analysis_set_plus_decoy_hla.fa.amb,homo sapiens 1000 genomes GRCh38,2022-12-12
https://storage.googleapis.com/reusedata/reference_genome/reference_genome_GRCh38_full_analysis_set_plus_decoy_hla.fa.yml,fasta: http://ftp.1000genomes.ebi.ac.uk/vol1/ftp/technical/reference/GRCh38_reference_genome/GRCh38_full_analysis_set_plus_decoy_hla.fa,https://storage.googleapis.com/reusedata/reference_genome/GRCh38_full_analysis_set_plus_decoy_hla.fa.ann,homo sapiens 1000 genomes GRCh38,2022-12-12
https://storage.googleapis.com/reusedata/reference_genome/reference_genome_GRCh38_full_analysis_set_plus_decoy_hla.fa.yml,fasta: http://ftp.1000genomes.ebi.ac.uk/vol1/ftp/technical/reference/GRCh38_reference_genome/GRCh38_full_analysis_set_plus_decoy_hla.fa,https://storage.googleapis.com/reusedata/reference_genome/GRCh38_full_analysis_set_plus_decoy_hla.fa.bwt,homo sapiens 1000 genomes GRCh38,2022-12-12
https://storage.googleapis.com/reusedata/reference_genome/reference_genome_GRCh38_full_analysis_set_plus_decoy_hla.fa.yml,fasta: http://ftp.1000genomes.ebi.ac.uk/vol1/ftp/technical/reference/GRCh38_reference_genome/GRCh38_full_analysis_set_plus_decoy_hla.fa,https://storage.googleapis.com/reusedata/reference_genome/GRCh38_full_analysis_set_plus_decoy_hla.fa.pac,homo sapiens 1000 genomes GRCh38,2022-12-12
https://storage.googleapis.com/reusedata/reference_genome/reference_genome_GRCh38_full_analysis_set_plus_decoy_hla.fa.yml,fasta: http://ftp.1000genomes.ebi.ac.uk/vol1/ftp/technical/reference/GRCh38_reference_genome/GRCh38_full_analysis_set_plus_decoy_hla.fa,https://storage.googleapis.com/reusedata/reference_genome/GRCh38_full_analysis_set_plus_decoy_hla.fa.sa,homo sapiens 1000 genomes GRCh38,2022-12-12
https://storage.googleapis.com/reusedata/reference_genome/reference_genome_GRCh38_full_analysis_set_plus_decoy_hla.fa.yml,fasta: http://ftp.1000genomes.ebi.ac.uk/vol1/ftp/technical/reference/GRCh38_reference_genome/GRCh38_full_analysis_set_plus_decoy_hla.fa,https://storage.googleapis.com/reusedata/reference_genome/GRCh38_full_analysis_set_plus_decoy_hla.fa,homo sapiens 1000 genomes GRCh38,2022-12-12
https://storage.googleapis.com/reusedata/reference_genome/reference_genome_GRCh38.primary_assembly.genome.fa.gz.yml,fasta: https://ftp.ebi.ac.uk/pub/databases/gencode/Gencode_human/release_42/GRCh38.primary_assembly.genome.fa.gz,https://storage.googleapis.com/reusedata/reference_genome/GRCh38.primary_assembly.genome.fa.fai,reference_genome GRCh38.primary_assembly bwa_index dict fai,2022-12-14
https://storage.googleapis.com/reusedata/reference_genome/reference_genome_GRCh38.primary_assembly.genome.fa.gz.yml,fasta: https://ftp.ebi.ac.uk/pub/databases/gencode/Gencode_human/release_42/GRCh38.primary_assembly.genome.fa.gz,https://storage.googleapis.com/reusedata/reference_genome/GRCh38.primary_assembly.genome.fa.amb,reference_genome GRCh38.primary_assembly bwa_index dict fai,2022-12-14
https://storage.googleapis.com/reusedata/reference_genome/reference_genome_GRCh38.primary_assembly.genome.fa.gz.yml,fasta: https://ftp.ebi.ac.uk/pub/databases/gencode/Gencode_human/release_42/GRCh38.primary_assembly.genome.fa.gz,https://storage.googleapis.com/reusedata/reference_genome/GRCh38.primary_assembly.genome.fa.ann,reference_genome GRCh38.primary_assembly bwa_index dict fai,2022-12-14
https://storage.googleapis.com/reusedata/reference_genome/reference_genome_GRCh38.primary_assembly.genome.fa.gz.yml,fasta: https://ftp.ebi.ac.uk/pub/databases/gencode/Gencode_human/release_42/GRCh38.primary_assembly.genome.fa.gz,https://storage.googleapis.com/reusedata/reference_genome/GRCh38.primary_assembly.genome.fa.bwt,reference_genome GRCh38.primary_assembly bwa_index dict fai,2022-12-14
https://storage.googleapis.com/reusedata/reference_genome/reference_genome_GRCh38.primary_assembly.genome.fa.gz.yml,fasta: https://ftp.ebi.ac.uk/pub/databases/gencode/Gencode_human/release_42/GRCh38.primary_assembly.genome.fa.gz,https://storage.googleapis.com/reusedata/reference_genome/GRCh38.primary_assembly.genome.fa.pac,reference_genome GRCh38.primary_assembly bwa_index dict fai,2022-12-14
https://storage.googleapis.com/reusedata/reference_genome/reference_genome_GRCh38.primary_assembly.genome.fa.gz.yml,fasta: https://ftp.ebi.ac.uk/pub/databases/gencode/Gencode_human/release_42/GRCh38.primary_assembly.genome.fa.gz,https://storage.googleapis.com/reusedata/reference_genome/GRCh38.primary_assembly.genome.fa.sa,reference_genome GRCh38.primary_assembly bwa_index dict fai,2022-12-14
https://storage.googleapis.com/reusedata/reference_genome/reference_genome_GRCh38.primary_assembly.genome.fa.gz.yml,fasta: https://ftp.ebi.ac.uk/pub/databases/gencode/Gencode_human/release_42/GRCh38.primary_assembly.genome.fa.gz,https://storage.googleapis.com/reusedata/reference_genome/GRCh38.primary_assembly.genome.fa,reference_genome GRCh38.primary_assembly bwa_index dict fai,2022-12-14
https://storage.googleapis.com/reusedata/reference_genome/reference_genome_hs37d5.fa.gz.yml,fasta: http://ftp.1000genomes.ebi.ac.uk/vol1/ftp/technical/reference/phase2_reference_assembly_sequence/hs37d5.fa.gz,https://storage.googleapis.com/reusedata/reference_genome/hs37d5.fa.fai,homo sapiens 1000 genomes GRCh37,2022-12-12
https://storage.googleapis.com/reusedata/reference_genome/reference_genome_hs37d5.fa.gz.yml,fasta: http://ftp.1000genomes.ebi.ac.uk/vol1/ftp/technical/reference/phase2_reference_assembly_sequence/hs37d5.fa.gz,https://storage.googleapis.com/reusedata/reference_genome/hs37d5.fa.amb,homo sapiens 1000 genomes GRCh37,2022-12-12
https://storage.googleapis.com/reusedata/reference_genome/reference_genome_hs37d5.fa.gz.yml,fasta: http://ftp.1000genomes.ebi.ac.uk/vol1/ftp/technical/reference/phase2_reference_assembly_sequence/hs37d5.fa.gz,https://storage.googleapis.com/reusedata/reference_genome/hs37d5.fa.ann,homo sapiens 1000 genomes GRCh37,2022-12-12
https://storage.googleapis.com/reusedata/reference_genome/reference_genome_hs37d5.fa.gz.yml,fasta: http://ftp.1000genomes.ebi.ac.uk/vol1/ftp/technical/reference/phase2_reference_assembly_sequence/hs37d5.fa.gz,https://storage.googleapis.com/reusedata/reference_genome/hs37d5.fa.bwt,homo sapiens 1000 genomes GRCh37,2022-12-12
https://storage.googleapis.com/reusedata/reference_genome/reference_genome_hs37d5.fa.gz.yml,fasta: http://ftp.1000genomes.ebi.ac.uk/vol1/ftp/technical/reference/phase2_reference_assembly_sequence/hs37d5.fa.gz,https://storage.googleapis.com/reusedata/reference_genome/hs37d5.fa.pac,homo sapiens 1000 genomes GRCh37,2022-12-12
https://storage.googleapis.com/reusedata/reference_genome/reference_genome_hs37d5.fa.gz.yml,fasta: http://ftp.1000genomes.ebi.ac.uk/vol1/ftp/technical/reference/phase2_reference_assembly_sequence/hs37d5.fa.gz,https://storage.googleapis.com/reusedata/reference_genome/hs37d5.fa.sa,homo sapiens 1000 genomes GRCh37,2022-12-12
https://storage.googleapis.com/reusedata/reference_genome/reference_genome_hs37d5.fa.gz.yml,fasta: http://ftp.1000genomes.ebi.ac.uk/vol1/ftp/technical/reference/phase2_reference_assembly_sequence/hs37d5.fa.gz,https://storage.googleapis.com/reusedata/reference_genome/hs37d5.fa,homo sapiens 1000 genomes GRCh37,2022-12-12
https://storage.googleapis.com/reusedata/salmon_index_GRCh38/salmon_index_GRCh38.primary_assembly.genome.fa_gencode.v42.transcripts.fa.yml,genome:;   class: File;   path: reference_genome/GRCh38.primary_assembly.genome.fa; transcript:;   class: File;   path: gencode_transcriptome/gencode.v42.transcripts.fa,https://storage.googleapis.com/reusedata/salmon_index_GRCh38/salmon_index/complete_ref_lens.bin,salmon_index GRCh38 gencode.v42,2022-12-13
https://storage.googleapis.com/reusedata/salmon_index_GRCh38/salmon_index_GRCh38.primary_assembly.genome.fa_gencode.v42.transcripts.fa.yml,genome:;   class: File;   path: reference_genome/GRCh38.primary_assembly.genome.fa; transcript:;   class: File;   path: gencode_transcriptome/gencode.v42.transcripts.fa,https://storage.googleapis.com/reusedata/salmon_index_GRCh38/salmon_index/ctable.bin,salmon_index GRCh38 gencode.v42,2022-12-13
https://storage.googleapis.com/reusedata/salmon_index_GRCh38/salmon_index_GRCh38.primary_assembly.genome.fa_gencode.v42.transcripts.fa.yml,genome:;   class: File;   path: reference_genome/GRCh38.primary_assembly.genome.fa; transcript:;   class: File;   path: gencode_transcriptome/gencode.v42.transcripts.fa,https://storage.googleapis.com/reusedata/salmon_index_GRCh38/salmon_index/ctg_offsets.bin,salmon_index GRCh38 gencode.v42,2022-12-13
https://storage.googleapis.com/reusedata/salmon_index_GRCh38/salmon_index_GRCh38.primary_assembly.genome.fa_gencode.v42.transcripts.fa.yml,genome:;   class: File;   path: reference_genome/GRCh38.primary_assembly.genome.fa; transcript:;   class: File;   path: gencode_transcriptome/gencode.v42.transcripts.fa,https://storage.googleapis.com/reusedata/salmon_index_GRCh38/salmon_index/duplicate_clusters.tsv,salmon_index GRCh38 gencode.v42,2022-12-13
https://storage.googleapis.com/reusedata/salmon_index_GRCh38/salmon_index_GRCh38.primary_assembly.genome.fa_gencode.v42.transcripts.fa.yml,genome:;   class: File;   path: reference_genome/GRCh38.primary_assembly.genome.fa; transcript:;   class: File;   path: gencode_transcriptome/gencode.v42.transcripts.fa,https://storage.googleapis.com/reusedata/salmon_index_GRCh38/salmon_index/info.json,salmon_index GRCh38 gencode.v42,2022-12-13
https://storage.googleapis.com/reusedata/salmon_index_GRCh38/salmon_index_GRCh38.primary_assembly.genome.fa_gencode.v42.transcripts.fa.yml,genome:;   class: File;   path: reference_genome/GRCh38.primary_assembly.genome.fa; transcript:;   class: File;   path: gencode_transcriptome/gencode.v42.transcripts.fa,https://storage.googleapis.com/reusedata/salmon_index_GRCh38/salmon_index/mphf.bin,salmon_index GRCh38 gencode.v42,2022-12-13
https://storage.googleapis.com/reusedata/salmon_index_GRCh38/salmon_index_GRCh38.primary_assembly.genome.fa_gencode.v42.transcripts.fa.yml,genome:;   class: File;   path: reference_genome/GRCh38.primary_assembly.genome.fa; transcript:;   class: File;   path: gencode_transcriptome/gencode.v42.transcripts.fa,https://storage.googleapis.com/reusedata/salmon_index_GRCh38/salmon_index/pos.bin,salmon_index GRCh38 gencode.v42,2022-12-13
https://storage.googleapis.com/reusedata/salmon_index_GRCh38/salmon_index_GRCh38.primary_assembly.genome.fa_gencode.v42.transcripts.fa.yml,genome:;   class: File;   path: reference_genome/GRCh38.primary_assembly.genome.fa; transcript:;   class: File;   path: gencode_transcriptome/gencode.v42.transcripts.fa,https://storage.googleapis.com/reusedata/salmon_index_GRCh38/salmon_index/pre_indexing.log,salmon_index GRCh38 gencode.v42,2022-12-13
https://storage.googleapis.com/reusedata/salmon_index_GRCh38/salmon_index_GRCh38.primary_assembly.genome.fa_gencode.v42.transcripts.fa.yml,genome:;   class: File;   path: reference_genome/GRCh38.primary_assembly.genome.fa; transcript:;   class: File;   path: gencode_transcriptome/gencode.v42.transcripts.fa,https://storage.googleapis.com/reusedata/salmon_index_GRCh38/salmon_index/rank.bin,salmon_index GRCh38 gencode.v42,2022-12-13
https://storage.googleapis.com/reusedata/salmon_index_GRCh38/salmon_index_GRCh38.primary_assembly.genome.fa_gencode.v42.transcripts.fa.yml,genome:;   class: File;   path: reference_genome/GRCh38.primary_assembly.genome.fa; transcript:;   class: File;   path: gencode_transcriptome/gencode.v42.transcripts.fa,https://storage.googleapis.com/reusedata/salmon_index_GRCh38/salmon_index/ref_indexing.log,salmon_index GRCh38 gencode.v42,2022-12-13
https://storage.googleapis.com/reusedata/salmon_index_GRCh38/salmon_index_GRCh38.primary_assembly.genome.fa_gencode.v42.transcripts.fa.yml,genome:;   class: File;   path: reference_genome/GRCh38.primary_assembly.genome.fa; transcript:;   class: File;   path: gencode_transcriptome/gencode.v42.transcripts.fa,https://storage.googleapis.com/reusedata/salmon_index_GRCh38/salmon_index/refAccumLengths.bin,salmon_index GRCh38 gencode.v42,2022-12-13
https://storage.googleapis.com/reusedata/salmon_index_GRCh38/salmon_index_GRCh38.primary_assembly.genome.fa_gencode.v42.transcripts.fa.yml,genome:;   class: File;   path: reference_genome/GRCh38.primary_assembly.genome.fa; transcript:;   class: File;   path: gencode_transcriptome/gencode.v42.transcripts.fa,https://storage.googleapis.com/reusedata/salmon_index_GRCh38/salmon_index/reflengths.bin,salmon_index GRCh38 gencode.v42,2022-12-13
https://storage.googleapis.com/reusedata/salmon_index_GRCh38/salmon_index_GRCh38.primary_assembly.genome.fa_gencode.v42.transcripts.fa.yml,genome:;   class: File;   path: reference_genome/GRCh38.primary_assembly.genome.fa; transcript:;   class: File;   path: gencode_transcriptome/gencode.v42.transcripts.fa,https://storage.googleapis.com/reusedata/salmon_index_GRCh38/salmon_index/refseq.bin,salmon_index GRCh38 gencode.v42,2022-12-13
https://storage.googleapis.com/reusedata/salmon_index_GRCh38/salmon_index_GRCh38.primary_assembly.genome.fa_gencode.v42.transcripts.fa.yml,genome:;   class: File;   path: reference_genome/GRCh38.primary_assembly.genome.fa; transcript:;   class: File;   path: gencode_transcriptome/gencode.v42.transcripts.fa,https://storage.googleapis.com/reusedata/salmon_index_GRCh38/salmon_index/seq.bin,salmon_index GRCh38 gencode.v42,2022-12-13
https://storage.googleapis.com/reusedata/salmon_index_GRCh38/salmon_index_GRCh38.primary_assembly.genome.fa_gencode.v42.transcripts.fa.yml,genome:;   class: File;   path: reference_genome/GRCh38.primary_assembly.genome.fa; transcript:;   class: File;   path: gencode_transcriptome/gencode.v42.transcripts.fa,https://storage.googleapis.com/reusedata/salmon_index_GRCh38/salmon_index/versionInfo.json,salmon_index GRCh38 gencode.v42,2022-12-13
https://storage.googleapis.com/reusedata/salmon_index_GRCh38/salmon_index_GRCh38.primary_assembly.genome.fa_gencode.v42.transcripts.fa.yml,genome:;   class: File;   path: reference_genome/GRCh38.primary_assembly.genome.fa; transcript:;   class: File;   path: gencode_transcriptome/gencode.v42.transcripts.fa,https://storage.googleapis.com/reusedata/salmon_index_GRCh38/salmon_index,salmon_index GRCh38 gencode.v42,2022-12-13
https://storage.googleapis.com/reusedata/STAR_index/STAR_index_GRCh38.primary_assembly.genome.fa_gencode.v42.annotation.gtf_GRCh38.GENCODE.v42_100_16_100.yml,ref:;   class: File;   path: reference_genome/GRCh38.primary_assembly.genome.fa; gtf:;   class: File;   path: gencode_annotation/gencode.v42.annotation.gtf; genomeDir: GRCh38.GENCODE.v42_100; threads: 16; sjdb: 100,https://storage.googleapis.com/reusedata/STAR_index/GRCh38.GENCODE.v42_100/chrLength.txt,STAR_index GRCh38.primary_assembly gencode.v42 star_2.7.9a,2022-12-15
https://storage.googleapis.com/reusedata/STAR_index/STAR_index_GRCh38.primary_assembly.genome.fa_gencode.v42.annotation.gtf_GRCh38.GENCODE.v42_100_16_100.yml,ref:;   class: File;   path: reference_genome/GRCh38.primary_assembly.genome.fa; gtf:;   class: File;   path: gencode_annotation/gencode.v42.annotation.gtf; genomeDir: GRCh38.GENCODE.v42_100; threads: 16; sjdb: 100,https://storage.googleapis.com/reusedata/STAR_index/GRCh38.GENCODE.v42_100/chrName.txt,STAR_index GRCh38.primary_assembly gencode.v42 star_2.7.9a,2022-12-15
https://storage.googleapis.com/reusedata/STAR_index/STAR_index_GRCh38.primary_assembly.genome.fa_gencode.v42.annotation.gtf_GRCh38.GENCODE.v42_100_16_100.yml,ref:;   class: File;   path: reference_genome/GRCh38.primary_assembly.genome.fa; gtf:;   class: File;   path: gencode_annotation/gencode.v42.annotation.gtf; genomeDir: GRCh38.GENCODE.v42_100; threads: 16; sjdb: 100,https://storage.googleapis.com/reusedata/STAR_index/GRCh38.GENCODE.v42_100/chrNameLength.txt,STAR_index GRCh38.primary_assembly gencode.v42 star_2.7.9a,2022-12-15
https://storage.googleapis.com/reusedata/STAR_index/STAR_index_GRCh38.primary_assembly.genome.fa_gencode.v42.annotation.gtf_GRCh38.GENCODE.v42_100_16_100.yml,ref:;   class: File;   path: reference_genome/GRCh38.primary_assembly.genome.fa; gtf:;   class: File;   path: gencode_annotation/gencode.v42.annotation.gtf; genomeDir: GRCh38.GENCODE.v42_100; threads: 16; sjdb: 100,https://storage.googleapis.com/reusedata/STAR_index/GRCh38.GENCODE.v42_100/chrStart.txt,STAR_index GRCh38.primary_assembly gencode.v42 star_2.7.9a,2022-12-15
https://storage.googleapis.com/reusedata/STAR_index/STAR_index_GRCh38.primary_assembly.genome.fa_gencode.v42.annotation.gtf_GRCh38.GENCODE.v42_100_16_100.yml,ref:;   class: File;   path: reference_genome/GRCh38.primary_assembly.genome.fa; gtf:;   class: File;   path: gencode_annotation/gencode.v42.annotation.gtf; genomeDir: GRCh38.GENCODE.v42_100; threads: 16; sjdb: 100,https://storage.googleapis.com/reusedata/STAR_index/GRCh38.GENCODE.v42_100/exonGeTrInfo.tab,STAR_index GRCh38.primary_assembly gencode.v42 star_2.7.9a,2022-12-15
https://storage.googleapis.com/reusedata/STAR_index/STAR_index_GRCh38.primary_assembly.genome.fa_gencode.v42.annotation.gtf_GRCh38.GENCODE.v42_100_16_100.yml,ref:;   class: File;   path: reference_genome/GRCh38.primary_assembly.genome.fa; gtf:;   class: File;   path: gencode_annotation/gencode.v42.annotation.gtf; genomeDir: GRCh38.GENCODE.v42_100; threads: 16; sjdb: 100,https://storage.googleapis.com/reusedata/STAR_index/GRCh38.GENCODE.v42_100/exonInfo.tab,STAR_index GRCh38.primary_assembly gencode.v42 star_2.7.9a,2022-12-15
https://storage.googleapis.com/reusedata/STAR_index/STAR_index_GRCh38.primary_assembly.genome.fa_gencode.v42.annotation.gtf_GRCh38.GENCODE.v42_100_16_100.yml,ref:;   class: File;   path: reference_genome/GRCh38.primary_assembly.genome.fa; gtf:;   class: File;   path: gencode_annotation/gencode.v42.annotation.gtf; genomeDir: GRCh38.GENCODE.v42_100; threads: 16; sjdb: 100,https://storage.googleapis.com/reusedata/STAR_index/GRCh38.GENCODE.v42_100/geneInfo.tab,STAR_index GRCh38.primary_assembly gencode.v42 star_2.7.9a,2022-12-15
https://storage.googleapis.com/reusedata/STAR_index/STAR_index_GRCh38.primary_assembly.genome.fa_gencode.v42.annotation.gtf_GRCh38.GENCODE.v42_100_16_100.yml,ref:;   class: File;   path: reference_genome/GRCh38.primary_assembly.genome.fa; gtf:;   class: File;   path: gencode_annotation/gencode.v42.annotation.gtf; genomeDir: GRCh38.GENCODE.v42_100; threads: 16; sjdb: 100,https://storage.googleapis.com/reusedata/STAR_index/GRCh38.GENCODE.v42_100/Genome,STAR_index GRCh38.primary_assembly gencode.v42 star_2.7.9a,2022-12-15
https://storage.googleapis.com/reusedata/STAR_index/STAR_index_GRCh38.primary_assembly.genome.fa_gencode.v42.annotation.gtf_GRCh38.GENCODE.v42_100_16_100.yml,ref:;   class: File;   path: reference_genome/GRCh38.primary_assembly.genome.fa; gtf:;   class: File;   path: gencode_annotation/gencode.v42.annotation.gtf; genomeDir: GRCh38.GENCODE.v42_100; threads: 16; sjdb: 100,https://storage.googleapis.com/reusedata/STAR_index/GRCh38.GENCODE.v42_100/genomeParameters.txt,STAR_index GRCh38.primary_assembly gencode.v42 star_2.7.9a,2022-12-15
https://storage.googleapis.com/reusedata/STAR_index/STAR_index_GRCh38.primary_assembly.genome.fa_gencode.v42.annotation.gtf_GRCh38.GENCODE.v42_100_16_100.yml,ref:;   class: File;   path: reference_genome/GRCh38.primary_assembly.genome.fa; gtf:;   class: File;   path: gencode_annotation/gencode.v42.annotation.gtf; genomeDir: GRCh38.GENCODE.v42_100; threads: 16; sjdb: 100,https://storage.googleapis.com/reusedata/STAR_index/GRCh38.GENCODE.v42_100/Log.out,STAR_index GRCh38.primary_assembly gencode.v42 star_2.7.9a,2022-12-15
https://storage.googleapis.com/reusedata/STAR_index/STAR_index_GRCh38.primary_assembly.genome.fa_gencode.v42.annotation.gtf_GRCh38.GENCODE.v42_100_16_100.yml,ref:;   class: File;   path: reference_genome/GRCh38.primary_assembly.genome.fa; gtf:;   class: File;   path: gencode_annotation/gencode.v42.annotation.gtf; genomeDir: GRCh38.GENCODE.v42_100; threads: 16; sjdb: 100,https://storage.googleapis.com/reusedata/STAR_index/GRCh38.GENCODE.v42_100/SA,STAR_index GRCh38.primary_assembly gencode.v42 star_2.7.9a,2022-12-15
https://storage.googleapis.com/reusedata/STAR_index/STAR_index_GRCh38.primary_assembly.genome.fa_gencode.v42.annotation.gtf_GRCh38.GENCODE.v42_100_16_100.yml,ref:;   class: File;   path: reference_genome/GRCh38.primary_assembly.genome.fa; gtf:;   class: File;   path: gencode_annotation/gencode.v42.annotation.gtf; genomeDir: GRCh38.GENCODE.v42_100; threads: 16; sjdb: 100,https://storage.googleapis.com/reusedata/STAR_index/GRCh38.GENCODE.v42_100/SAindex,STAR_index GRCh38.primary_assembly gencode.v42 star_2.7.9a,2022-12-15
https://storage.googleapis.com/reusedata/STAR_index/STAR_index_GRCh38.primary_assembly.genome.fa_gencode.v42.annotation.gtf_GRCh38.GENCODE.v42_100_16_100.yml,ref:;   class: File;   path: reference_genome/GRCh38.primary_assembly.genome.fa; gtf:;   class: File;   path: gencode_annotation/gencode.v42.annotation.gtf; genomeDir: GRCh38.GENCODE.v42_100; threads: 16; sjdb: 100,https://storage.googleapis.com/reusedata/STAR_index/GRCh38.GENCODE.v42_100/sjdbInfo.txt,STAR_index GRCh38.primary_assembly gencode.v42 star_2.7.9a,2022-12-15
https://storage.googleapis.com/reusedata/STAR_index/STAR_index_GRCh38.primary_assembly.genome.fa_gencode.v42.annotation.gtf_GRCh38.GENCODE.v42_100_16_100.yml,ref:;   class: File;   path: reference_genome/GRCh38.primary_assembly.genome.fa; gtf:;   class: File;   path: gencode_annotation/gencode.v42.annotation.gtf; genomeDir: GRCh38.GENCODE.v42_100; threads: 16; sjdb: 100,https://storage.googleapis.com/reusedata/STAR_index/GRCh38.GENCODE.v42_100/sjdbList.fromGTF.out.tab,STAR_index GRCh38.primary_assembly gencode.v42 star_2.7.9a,2022-12-15
https://storage.googleapis.com/reusedata/STAR_index/STAR_index_GRCh38.primary_assembly.genome.fa_gencode.v42.annotation.gtf_GRCh38.GENCODE.v42_100_16_100.yml,ref:;   class: File;   path: reference_genome/GRCh38.primary_assembly.genome.fa; gtf:;   class: File;   path: gencode_annotation/gencode.v42.annotation.gtf; genomeDir: GRCh38.GENCODE.v42_100; threads: 16; sjdb: 100,https://storage.googleapis.com/reusedata/STAR_index/GRCh38.GENCODE.v42_100/sjdbList.out.tab,STAR_index GRCh38.primary_assembly gencode.v42 star_2.7.9a,2022-12-15
https://storage.googleapis.com/reusedata/STAR_index/STAR_index_GRCh38.primary_assembly.genome.fa_gencode.v42.annotation.gtf_GRCh38.GENCODE.v42_100_16_100.yml,ref:;   class: File;   path: reference_genome/GRCh38.primary_assembly.genome.fa; gtf:;   class: File;   path: gencode_annotation/gencode.v42.annotation.gtf; genomeDir: GRCh38.GENCODE.v42_100; threads: 16; sjdb: 100,https://storage.googleapis.com/reusedata/STAR_index/GRCh38.GENCODE.v42_100/transcriptInfo.tab,STAR_index GRCh38.primary_assembly gencode.v42 star_2.7.9a,2022-12-15
https://storage.googleapis.com/reusedata/STAR_index/STAR_index_GRCh38.primary_assembly.genome.fa_gencode.v42.annotation.gtf_GRCh38.GENCODE.v42_100_16_100.yml,ref:;   class: File;   path: reference_genome/GRCh38.primary_assembly.genome.fa; gtf:;   class: File;   path: gencode_annotation/gencode.v42.annotation.gtf; genomeDir: GRCh38.GENCODE.v42_100; threads: 16; sjdb: 100,https://storage.googleapis.com/reusedata/STAR_index/GRCh38.GENCODE.v42_100,STAR_index GRCh38.primary_assembly gencode.v42 star_2.7.9a,2022-12-15
https://storage.googleapis.com/reusedata/ucsc_database/UCSC_database_hg38_knownGene.yml,build: hg38; dbname: knownGene,https://storage.googleapis.com/reusedata/ucsc_database/knownGene_hg38.sql,ucsc annotation database hg38 knownGene,2022-12-21
https://storage.googleapis.com/reusedata/ucsc_database/UCSC_database_hg38_knownGene.yml,build: hg38; dbname: knownGene,https://storage.googleapis.com/reusedata/ucsc_database/knownGene_hg38.txt,ucsc annotation database hg38 knownGene,2022-12-21
https://storage.googleapis.com/reusedata/ucsc_database/UCSC_database_hg38_refGene.yml,build: hg38; dbname: refGene,https://storage.googleapis.com/reusedata/ucsc_database/refGene_hg38.sql,ucsc annotation database hg38 refGene,2022-12-21
https://storage.googleapis.com/reusedata/ucsc_database/UCSC_database_hg38_refGene.yml,build: hg38; dbname: refGene,https://storage.googleapis.com/reusedata/ucsc_database/refGene_hg38.txt,ucsc annotation database hg38 refGene,2022-12-21
https://storage.googleapis.com/reusedata/ucsc_database/UCSC_database_mm39_knownGene.yml,build: mm39; dbname: knownGene,https://storage.googleapis.com/reusedata/ucsc_database/knownGene_mm39.sql,ucsc annotation database mm39 knownGene,2022-12-21
https://storage.googleapis.com/reusedata/ucsc_database/UCSC_database_mm39_knownGene.yml,build: mm39; dbname: knownGene,https://storage.googleapis.com/reusedata/ucsc_database/knownGene_mm39.txt,ucsc annotation database mm39 knownGene,2022-12-21
https://storage.googleapis.com/reusedata/ucsc_database/UCSC_database_mm39_refGene.yml,build: mm39; dbname: refGene,https://storage.googleapis.com/reusedata/ucsc_database/refGene_mm39.sql,ucsc annotation database mm39 refGene,2022-12-21
https://storage.googleapis.com/reusedata/ucsc_database/UCSC_database_mm39_refGene.yml,build: mm39; dbname: refGene,https://storage.googleapis.com/reusedata/ucsc_database/refGene_mm39.txt,ucsc annotation database mm39 refGene,2022-12-21
